total_bill,tip,sex,smoker,day,time,size
21.85,2.58,Male,Yes,Sun,Lunch,3
47.78,3.95,Male,No,Sun,Dinner,2
37.94,7.89,Female,No,Sun,Lunch,4
31.94,3.08,Male,Yes,Fri,Lunch,1
12.02,1.93,Male,No,Sun,Lunch,5
12.02,1.42,Female,Yes,Sun,Dinner,2
7.61,1.2,Male,Yes,Sun,Lunch,1
43.98,7.53,Male,No,Thur,Dinner,2
32.05,6.29,Male,Yes,Sun,Dinner,3
36.86,4.01,Female,No,Fri,Lunch,5
5.93,0.48,Male,No,Sun,Lunch,1
48.65,4.82,Female,Yes,Sun,Dinner,1
42.46,8.75,Male,Yes,Fri,Lunch,1
14.56,2.95,Male,No,Sun,Lunch,1
13.18,2.16,Male,Yes,Fri,Dinner,1
13.25,2.17,Female,Yes,Sun,Dinner,2
18.69,3.24,Male,Yes,Fri,Lunch,5
28.61,2.99,Male,No,Sun,Dinner,3
24.44,5.08,Female,No,Sun,Lunch,3
18.11,2.51,Male,Yes,Thur,Lunch,3
32.53,4.35,Female,No,Thur,Lunch,3
11.28,1.72,Female,No,Sun,Dinner,2
18.15,1.57,Male,No,Sun,Lunch,4
21.49,2.22,Female,No,Sat,Lunch,5
25.52,4.68,Male,No,Fri,Lunch,1
40.33,3.69,Female,Yes,Sat,Dinner,4
13.99,2.3,Female,Yes,Thur,Dinner,3
28.14,3.22,Male,Yes,Thur,Dinner,4
31.66,4.26,Female,No,Thur,Dinner,5
7.09,0.85,Female,No,Thur,Dinner,1
32.34,4.2,Female,Yes,Sun,Lunch,1
12.67,2.29,Female,No,Thur,Dinner,5
7.93,0.96,Female,Yes,Sun,Dinner,5
47.7,7.6,Male,Yes,Sun,Dinner,3
48.45,7.11,Female,Yes,Thur,Lunch,1
41.38,7.16,Male,No,Thur,Dinner,4
18.71,3.95,Female,No,Fri,Dinner,2
9.4,1.72,Male,Yes,Sat,Lunch,2
35.79,3.94,Male,Yes,Thur,Dinner,5
24.81,2.09,Female,Yes,Fri,Lunch,3
10.49,1.22,Female,Yes,Fri,Lunch,2
27.28,4.46,Female,No,Sat,Lunch,1
6.55,0.57,Male,No,Sun,Lunch,5
45.92,6.86,Female,Yes,Thur,Lunch,4
16.65,2.72,Male,Yes,Sat,Dinner,5
34.81,4.41,Male,No,Thur,Lunch,4
19.03,3.58,Male,No,Fri,Lunch,5
28.4,2.7,Female,Yes,Fri,Dinner,5
29.6,2.68,Female,Yes,Sun,Lunch,5
13.32,2.42,Male,Yes,Fri,Dinner,4
48.63,7.26,Male,No,Fri,Dinner,4
39.88,7.03,Female,No,Sat,Dinner,5
47.28,6.66,Male,No,Thur,Lunch,2
45.27,5.18,Female,Yes,Thur,Lunch,3
31.91,6.21,Male,Yes,Sat,Lunch,3
46.48,8.92,Female,No,Sun,Dinner,3
8.98,1.59,Male,No,Thur,Lunch,4
13.82,1.63,Female,Yes,Fri,Lunch,4
7.04,1.14,Male,No,Thur,Lunch,2
19.64,2.56,Female,No,Fri,Dinner,3
22.49,2.09,Female,Yes,Sun,Dinner,3
17.21,3.59,Male,No,Sat,Lunch,5
42.29,4.19,Male,Yes,Thur,Lunch,4
21.05,4.48,Female,Yes,Sat,Lunch,3
17.64,2.51,Male,Yes,Thur,Lunch,2
29.42,3.12,Female,Yes,Fri,Dinner,2
11.34,1.77,Male,Yes,Sat,Dinner,3
41.1,8.31,Female,Yes,Thur,Dinner,4
8.35,1.52,Female,Yes,Fri,Dinner,2
49.41,9.53,Female,No,Sat,Lunch,5
39.75,6.85,Female,Yes,Sat,Lunch,2
13.94,2.47,Female,Yes,Thur,Lunch,1
5.25,1.04,Female,No,Thur,Dinner,1
41.7,4.79,Male,No,Thur,Lunch,4
36.81,5.47,Male,No,Fri,Dinner,3
37.81,4.2,Male,Yes,Thur,Dinner,4
39.71,8.67,Female,No,Sat,Lunch,4
8.33,1.77,Female,Yes,Sat,Lunch,4
21.13,1.81,Female,Yes,Thur,Lunch,4
10.21,1.83,Female,Yes,Thur,Dinner,5
43.84,9.19,Male,Yes,Sun,Lunch,5
33.05,3.48,Male,No,Sat,Dinner,2
19.89,3.17,Female,No,Fri,Lunch,1
7.86,1.64,Male,Yes,Sun,Dinner,4
18.99,1.61,Male,Yes,Thur,Dinner,2
19.63,3.49,Female,Yes,Thur,Lunch,1
37.83,4.6,Male,No,Sat,Dinner,3
33.69,7.06,Female,Yes,Thur,Dinner,5
44.92,9.7,Male,Yes,Fri,Lunch,1
26.25,5.57,Female,No,Sat,Dinner,3
10.38,1.52,Female,No,Thur,Lunch,1
37.1,7.45,Female,Yes,Sat,Dinner,5
39.24,7.78,Female,No,Thur,Lunch,5
30.26,3.77,Male,No,Thur,Lunch,2
39.69,7.78,Female,Yes,Thur,Dinner,4
27.22,2.32,Female,No,Fri,Dinner,1
28.52,4.66,Female,Yes,Fri,Dinner,1
24.24,2.72,Male,No,Sat,Dinner,3
6.14,0.59,Female,Yes,Thur,Dinner,5
9.86,0.9,Male,Yes,Thur,Lunch,1
6.41,1.14,Female,Yes,Fri,Dinner,5
33.64,4.29,Male,No,Thur,Lunch,1
19.15,3.48,Male,Yes,Fri,Lunch,2
27.89,2.49,Female,No,Thur,Dinner,4
45.84,5.69,Male,Yes,Sat,Lunch,1
16.22,2.52,Female,Yes,Thur,Lunch,5
23.47,4.48,Female,No,Thur,Lunch,2
39.0,4.86,Female,Yes,Sun,Lunch,1
15.3,2.56,Male,Yes,Fri,Dinner,3
8.46,1.73,Male,No,Thur,Lunch,4
18.04,3.0,Female,Yes,Thur,Dinner,1
12.25,1.38,Female,Yes,Sun,Dinner,2
46.84,3.91,Male,Yes,Sun,Lunch,3
41.37,8.35,Female,Yes,Fri,Dinner,2
33.5,2.78,Female,No,Sun,Dinner,2
44.22,8.95,Female,No,Sat,Dinner,3
41.17,6.34,Male,Yes,Sun,Lunch,2
13.4,2.83,Male,No,Sat,Dinner,3
45.17,8.66,Male,Yes,Fri,Dinner,1
29.27,6.43,Female,No,Fri,Dinner,3
41.33,5.34,Female,Yes,Fri,Lunch,3
45.32,8.49,Female,Yes,Fri,Dinner,4
19.31,2.63,Male,Yes,Fri,Lunch,3
9.95,1.46,Female,Yes,Sat,Lunch,3
15.26,2.56,Female,Yes,Sat,Lunch,1
24.22,4.9,Female,Yes,Fri,Lunch,4
41.81,9.11,Female,No,Sun,Lunch,5
43.73,8.2,Male,Yes,Thur,Lunch,1
5.31,0.74,Male,No,Fri,Dinner,1
27.98,3.89,Female,Yes,Sun,Lunch,5
23.78,4.36,Male,No,Thur,Dinner,3
14.99,1.7,Male,No,Fri,Dinner,2
10.39,0.99,Female,No,Fri,Lunch,4
20.19,2.62,Female,Yes,Sat,Dinner,2
47.43,5.7,Male,Yes,Thur,Dinner,5
19.54,2.37,Female,No,Thur,Dinner,1
28.35,3.2,Male,Yes,Sun,Dinner,1
36.64,3.15,Female,No,Sat,Lunch,4
21.36,1.76,Male,Yes,Sat,Dinner,1
48.73,10.64,Female,No,Sat,Lunch,1
48.31,6.76,Male,No,Sat,Dinner,4
16.33,2.19,Male,Yes,Thur,Dinner,4
27.38,4.8,Male,No,Thur,Lunch,5
18.54,2.05,Female,Yes,Fri,Dinner,1
17.82,3.8,Male,No,Fri,Dinner,1
6.66,1.27,Male,No,Sat,Dinner,5
32.43,3.0,Female,Yes,Sat,Lunch,3
27.62,3.82,Female,Yes,Sat,Dinner,3
7.32,1.49,Male,Yes,Fri,Lunch,3
17.54,3.72,Male,No,Sun,Dinner,5
45.87,6.67,Female,Yes,Sun,Lunch,1
15.78,2.62,Female,No,Fri,Lunch,5
11.52,1.19,Female,No,Fri,Dinner,5
27.03,5.91,Female,Yes,Fri,Dinner,3
49.35,5.55,Female,Yes,Fri,Lunch,2
15.89,3.37,Male,No,Fri,Lunch,1
35.25,6.03,Female,No,Fri,Dinner,3
39.27,6.48,Male,Yes,Sat,Lunch,2
15.69,2.38,Male,Yes,Sat,Dinner,2
37.77,4.24,Male,Yes,Sat,Dinner,4
21.55,2.26,Female,Yes,Sat,Dinner,1
33.45,3.71,Male,Yes,Fri,Dinner,2
33.51,3.56,Male,No,Sun,Lunch,3
29.11,5.51,Female,No,Thur,Dinner,4
9.06,1.17,Male,No,Fri,Lunch,1
42.59,3.75,Male,No,Thur,Dinner,5
19.44,4.19,Female,Yes,Sun,Lunch,3
13.39,2.73,Male,Yes,Sat,Dinner,2
6.83,1.43,Male,Yes,Sun,Lunch,2
31.59,6.93,Male,No,Fri,Lunch,3
35.49,3.7,Female,No,Sat,Dinner,2
5.75,0.78,Female,Yes,Fri,Dinner,4
28.04,5.22,Female,Yes,Sat,Dinner,1
15.19,2.7,Male,No,Thur,Dinner,4
34.03,3.46,Male,No,Thur,Lunch,2
12.85,2.5,Female,Yes,Thur,Dinner,5
36.09,4.02,Male,Yes,Sun,Lunch,1
22.4,2.49,Male,No,Fri,Lunch,1
47.15,7.32,Female,Yes,Sun,Dinner,3
11.19,1.82,Female,Yes,Thur,Lunch,3
20.35,3.28,Male,Yes,Fri,Lunch,5
10.11,0.94,Male,No,Thur,Lunch,1
46.61,9.45,Male,No,Sun,Lunch,5
44.48,5.21,Female,No,Sun,Dinner,3
16.61,1.63,Female,No,Sun,Dinner,3
34.7,7.09,Female,No,Thur,Dinner,1
41.77,8.93,Female,No,Fri,Dinner,4
29.98,6.02,Male,No,Fri,Lunch,2
28.83,5.57,Female,Yes,Thur,Lunch,3
15.88,2.73,Female,Yes,Fri,Dinner,3
9.19,1.44,Female,Yes,Thur,Dinner,4
45.37,4.18,Female,Yes,Fri,Dinner,4
45.52,6.24,Female,Yes,Sat,Lunch,5
33.49,4.43,Male,Yes,Sat,Dinner,5
20.26,2.36,Male,Yes,Sun,Dinner,2
20.71,3.75,Female,No,Sat,Dinner,2
37.67,5.63,Male,No,Sat,Lunch,1
45.37,4.14,Female,Yes,Sat,Lunch,5
44.92,4.98,Female,Yes,Thur,Lunch,3
40.09,7.04,Male,No,Sat,Lunch,5
33.89,3.07,Male,Yes,Sat,Lunch,3
8.79,1.75,Female,Yes,Sun,Lunch,4
12.27,1.83,Female,No,Sat,Lunch,5
45.43,6.69,Female,Yes,Sat,Lunch,4
32.29,5.26,Male,No,Fri,Dinner,2
5.41,1.06,Female,Yes,Sun,Dinner,2
9.57,1.23,Female,No,Sun,Lunch,1
34.86,6.1,Female,No,Sun,Lunch,5
5.23,0.83,Male,No,Sun,Dinner,4
12.24,1.44,Female,Yes,Sun,Lunch,3
29.69,6.03,Female,No,Sun,Lunch,2
36.14,6.93,Male,Yes,Thur,Lunch,2
34.34,5.91,Female,Yes,Sat,Dinner,3
15.09,3.0,Female,Yes,Sun,Dinner,4
37.05,7.46,Male,Yes,Sat,Dinner,4
15.68,2.81,Female,No,Sat,Dinner,5
19.64,3.87,Male,No,Thur,Dinner,5
38.59,6.86,Male,Yes,Sun,Lunch,1
34.23,6.0,Female,Yes,Fri,Dinner,2
43.22,7.2,Female,No,Thur,Lunch,5
34.59,6.41,Female,Yes,Fri,Lunch,4
30.57,3.12,Female,No,Sat,Dinner,3
9.22,1.87,Male,Yes,Sat,Dinner,4
21.55,4.35,Female,Yes,Thur,Lunch,2
16.93,1.42,Male,No,Thur,Lunch,4
15.98,3.13,Female,Yes,Fri,Lunch,1
48.79,4.78,Female,No,Sun,Dinner,2
22.69,2.88,Female,Yes,Fri,Dinner,3
45.14,8.31,Male,Yes,Thur,Dinner,1
33.4,3.42,Female,Yes,Fri,Dinner,2
40.77,7.93,Female,No,Thur,Dinner,3
27.62,5.43,Female,Yes,Fri,Lunch,1
30.96,4.68,Female,Yes,Thur,Dinner,1
27.16,2.2,Male,Yes,Thur,Lunch,2
13.79,1.66,Female,Yes,Thur,Lunch,5
37.51,6.24,Male,No,Sun,Lunch,1
17.63,3.83,Male,No,Fri,Dinner,1
6.09,1.03,Male,Yes,Fri,Dinner,3
34.05,3.96,Male,No,Fri,Dinner,4
12.97,2.19,Male,Yes,Thur,Lunch,2
47.32,7.36,Male,Yes,Fri,Lunch,2
47.93,9.07,Female,Yes,Fri,Lunch,5
46.17,4.39,Male,No,Thur,Lunch,5
21.66,4.04,Male,No,Sat,Lunch,2
